"Id";"classNumber";"subjectName";"topicName";"typeName";"question";"Option 1";"Option 2";"Option 3";"Option 4";"Option 5";"Option 6"
"6";"IX";"SocialStudies";"FrRev";"VSTA";"Between which three continents triangular slave trade was held?";;;;;;
"7";"IX";"SocialStudies";"FrRev";"STA";"Describe the French division of society.";;;;;;
"8";"IX";"SocialStudies";"FrRev";"VSTA";"Describe the incident which sparked the Revolution.";;;;;;
"9";"IX";"SocialStudies";"FrRev";"LAT";"Describe the main features of the constitution of 1791 drafted by National Assembly.";;;;;;
"10";"IX";"SocialStudies";"FrRev";"VSTA";"Describe the main ideas contained in the Declaration of Rights of Man and Citizen.";;;;;;
"11";"IX";"SocialStudies";"FrRev";"STA";"Differentiate between Active and Passive Citizens.";;;;;;
"12";"IX";"SocialStudies";"FrRev";"STA";"Elucidate the contribution of Mirabeau in the formation of the National Assembly?";;;;;;
"13";"IX";"SocialStudies";"FrRev";"VSTA";"For modernizing France which two laws were enforced by Napoleon Bonaparte?";;;;;;
"14";"IX";"SocialStudies";"FrRev";"LAT";"How can you say that Louis XVI was a despotic ruler?";;;;;;
"15";"IX";"SocialStudies";"FrRev";"VSTA";"How did American war of Independence add more debt to France?";;;;;;
"16";"IX";"SocialStudies";"FrRev";"STA";"How did peasants protest against the feudal lords or nobles of France?";;;;;;
"17";"IX";"SocialStudies";"FrRev";"LAT";"How did the fall of Bastille prison become the immediate cause of French Revolution?";;;;;;
"18";"IX";"SocialStudies";"FrRev";"STA";"How did the French people ultimately get the right to vote to all citizens?";;;;;;
"19";"IX";"SocialStudies";"FrRev";"STA";"How did women suffer in France?";;;;;;
"20";"IX";"SocialStudies";"FrRev";"VSTA";"How was division of power suggested by philosopher Montesquieu?";;;;;;
"21";"IX";"SocialStudies";"FrRev";"LAT";"How was National Assembly recognised?";;;;;;
"22";"IX";"SocialStudies";"FrRev";"LAT";"How was slave trade started? When and how was it abolished? OR Prepare a short note on 'Slave Trade'.";;;;;;
"23";"IX";"SocialStudies";"FrRev";"VSTA";"How was the meeting of Estates General called by Louis XVI attended by three Estates?";;;;;;
"24";"IX";"SocialStudies";"FrRev";"STA";"How was the National Assembly recognised and how did it start exercising its powers?";;;;;;
"25";"IX";"SocialStudies";"FrRev";"VSTA";"How would you explain the rise of Napoleon?";;;;;;
"26";"IX";"SocialStudies";"FrRev";"VSTA";"In which famous battle was Napoleon finally defeated? Where was he imprisoned?";;;;;;
"27";"IX";"SocialStudies";"FrRev";"VSTA";"In which famous war was Napoleon Bonaparte defeated?";;;;;;
"28";"IX";"SocialStudies";"FrRev";"VSTA";"Mention one activity of the French monarchy which hastened the Revolution.";;;;;;
"29";"IX";"SocialStudies";"FrRev";"VSTA";"Name the famous work by Rousseau which lays down the main principles of democracy.";;;;;;
"30";"IX";"SocialStudies";"FrRev";"VSTA";"Name the French ports through which slave trade was done.";;;;;;
"31";"IX";"SocialStudies";"FrRev";"VSTA";"Name the important political clubs formed by women in France to fight their political rights.";;;;;;
"32";"IX";"SocialStudies";"FrRev";"VSTA";"Name the three main social classes in 18th Century France.";;;;;;
"33";"IX";"SocialStudies";"FrRev";"VSTA";"State anyone law passed by Napoleon.";;;;;;
"34";"IX";"SocialStudies";"FrRev";"VSTA";"What decisive factor led to the fall of Napoleon?";;;;;;
"35";"IX";"SocialStudies";"FrRev";"VSTA";"What do you know about Abbe Sieyes.";;;;;;
"36";"IX";"SocialStudies";"FrRev";"STA";"What do you know about the ?Estates General??";;;;;;
"37";"IX";"SocialStudies";"FrRev";"STA";"What do you know about the political clubs formed in France?";;;;;;
"38";"IX";"SocialStudies";"FrRev";"VSTA";"What do you understand by the word ?Revolution??";;;;;;
"39";"IX";"SocialStudies";"FrRev";"VSTA";"What does 'Chateau' mean?";;;;;;
"40";"IX";"SocialStudies";"FrRev";"VSTA";"What does 'subsistence crisis' mean?";;;;;;
"41";"IX";"SocialStudies";"FrRev";"LAT";"What does subsistence crisis mean? What led to subsistence crisis in France?";;;;;;
"42";"IX";"SocialStudies";"FrRev";"VSTA";"What is a guillotine?";;;;;;
"43";"IX";"SocialStudies";"FrRev";"LAT";"What is the role of middle classes in ending the privileges?";;;;;;
"44";"IX";"SocialStudies";"FrRev";"STA";"What is the role of philosophers in the French Revolution?";;;;;;
"45";"IX";"SocialStudies";"FrRev";"VSTA";"What led to the triangular slave trade?";;;;;;
"46";"IX";"SocialStudies";"FrRev";"VSTA";"What privileges did members of the first two estates enjoy?";;;;;;
"47";"IX";"SocialStudies";"FrRev";"STA";"What rights were provided by the French Constitution?";;;;;;
"48";"IX";"SocialStudies";"FrRev";"VSTA";"What role did the French philosophers play in the outbreak of the French Revolution?";;;;;;
"49";"IX";"SocialStudies";"FrRev";"STA";"What was a 'Directory'? Why was it removed from France?";;;;;;
"50";"IX";"SocialStudies";"FrRev";"VSTA";"What was a 'Manor'?";;;;;;
"51";"IX";"SocialStudies";"FrRev";"VSTA";"What was 'Directory'?";;;;;;
"52";"IX";"SocialStudies";"FrRev";"STA";"What was Guillotine? How was it used?";;;;;;
"53";"IX";"SocialStudies";"FrRev";"VSTA";"What was Guillotine?";;;;;;
"54";"IX";"SocialStudies";"FrRev";"VSTA";"What was 'Marseillaise'?";;;;;;
"55";"IX";"SocialStudies";"FrRev";"LAT";"What was Marseillaise? What led to the formation of Marseillaise?";;;;;;
"56";"IX";"SocialStudies";"FrRev";"VSTA";"What was taille?";;;;;;
"57";"IX";"SocialStudies";"FrRev";"VSTA";"What was the Estates General?";;;;;;
"58";"IX";"SocialStudies";"FrRev";"VSTA";"What was the immediate cause of French Revolution?";;;;;;
"59";"IX";"SocialStudies";"FrRev";"STA";"What was the immediate cause of the French Revolution?";;;;;;
"60";"IX";"SocialStudies";"FrRev";"VSTA";"What was the main aim of the National Assembly?";;;;;;
"61";"IX";"SocialStudies";"FrRev";"VSTA";"What was the meaning of the following symbol - The broken chain?";;;;;;
"62";"IX";"SocialStudies";"FrRev";"VSTA";"What was the most important legacy of the French Revolution?";;;;;;
"63";"IX";"SocialStudies";"FrRev";"VSTA";"What was the National Anthem of France?";;;;;;
"64";"IX";"SocialStudies";"FrRev";"VSTA";"What was tithe?";;;;;;
"65";"IX";"SocialStudies";"FrRev";"VSTA";"What were political clubs?";;;;;;
"66";"IX";"SocialStudies";"FrRev";"LAT";"What were the main causes of the French Revolution?";;;;;;
"67";"IX";"SocialStudies";"FrRev";"VSTA";"What were the views of John Locke in inspiring the people for French Revolution?";;;;;;
"68";"IX";"SocialStudies";"FrRev";"VSTA";"What work did women of the third estate do?";;;;;;
"69";"IX";"SocialStudies";"FrRev";"VSTA";"When did women finally get the right to vote in France?";;;;;;
"70";"IX";"SocialStudies";"FrRev";"STA";"When had France become a Republic?";;;;;;
"71";"IX";"SocialStudies";"FrRev";"VSTA";"When Napoleon Bonaparte did became Emperor of France?";;;;;;
"72";"IX";"SocialStudies";"FrRev";"VSTA";"When the draft of the National Assembly?s constitution completed and what was its main objective?";;;;;;
"73";"IX";"SocialStudies";"FrRev";"VSTA";"When was National Assembly recognised?";;;;;;
"74";"IX";"SocialStudies";"FrRev";"VSTA";"When was slavery finally abolished in France?";;;;;;
"75";"IX";"SocialStudies";"FrRev";"VSTA";"When was the Bastille Prison stormed?";;;;;;
"76";"IX";"SocialStudies";"FrRev";"LAT";"Which incident had led to the outbreak of the revolution in France?";;;;;;
"77";"IX";"SocialStudies";"FrRev";"STA";"Which laws were made to improve the status of women in the French society?";;;;;;
"78";"IX";"SocialStudies";"FrRev";"VSTA";"Which new Assembly was formed by Jacobins?";;;;;;
"79";"IX";"SocialStudies";"FrRev";"VSTA";"Which proposal of the third estate was rejected by Estates General?";;;;;;
"80";"IX";"SocialStudies";"FrRev";"VSTA";"Which ruler came to power in France in 1774?";;;;;;
"81";"IX";"SocialStudies";"FrRev";"VSTA";"Which social groups emerged as 'middle class' in 18th century France?";;;;;;
"82";"IX";"SocialStudies";"FrRev";"VSTA";"Which was the popular France? Club of France? Who was its leader?";;;;;;
"83";"IX";"SocialStudies";"FrRev";"VSTA";"Who all got the right to vote for National Assembly?";;;;;;
"84";"IX";"SocialStudies";"FrRev";"VSTA";"Who composed the French National Anthem?";;;;;;
"85";"IX";"SocialStudies";"FrRev";"VSTA";"Who could qualify as an Elector?";;;;;;
"86";"IX";"SocialStudies";"FrRev";"VSTA";"Who formed the First and Second Estates of French Society?";;;;;;
"87";"IX";"SocialStudies";"FrRev";"LAT";"Who formed the Jacobin Club? What measures had he taken to remove discrimination in the French society and form a French Republic?";;;;;;
"88";"IX";"SocialStudies";"FrRev";"VSTA";"Who introduced 'Reign of terror' in France?";;;;;;
"89";"IX";"SocialStudies";"FrRev";"VSTA";"Who invented the guillotine?";;;;;;
"90";"IX";"SocialStudies";"FrRev";"LAT";"Who represented the National Assembly on 5th May 1789?";;;;;;
"91";"IX";"SocialStudies";"FrRev";"VSTA";"Who was Mirabeau?";;;;;;
"92";"IX";"SocialStudies";"FrRev";"LAT";"Who was Napoleon Bonaparte? Why was he called a liberator?";;;;;;
"93";"IX";"SocialStudies";"FrRev";"VSTA";"Who was Rousseau?";;;;;;
"94";"IX";"SocialStudies";"FrRev";"VSTA";"How Robespierre's end came?";;;;;;
"95";"IX";"SocialStudies";"FrRev";"VSTA";"Who was the leader of Jacobin club?";;;;;;
"96";"IX";"SocialStudies";"FrRev";"VSTA";"Who were electors?";;;;;;
"97";"IX";"SocialStudies";"FrRev";"VSTA";"Who were 'Sans-Culottes'?";;;;;;
"98";"IX";"SocialStudies";"FrRev";"VSTA";"Who were the Sans-Culottes?";;;;;;
"99";"IX";"SocialStudies";"FrRev";"VSTA";"Whom did Louis XVI get married to?";;;;;;
"100";"IX";"SocialStudies";"FrRev";"VSTA";"Why did the French government increase the taxes?";;;;;;
"101";"IX";"SocialStudies";"FrRev";"VSTA";"Why was Bastille Prison attacked?";;;;;;
"102";"IX";"SocialStudies";"FrRev";"VSTA";"Why was treasury empty when Louis XVI ascended the throne?";;;;;;
"103";"IX";"SocialStudies";"FrRev";"STA";"Describe any four causes of the French Revolution. Or Describe the circumstances leading to the outbreak of revolutionary in France.";;;;;;
"104";"IX";"SocialStudies";"FrRev";"STA";"What role did the philosophers play in bringing about the French Revolution?";;;;;;
"105";"IX";"SocialStudies";"FrRev";"STA";"Why is the Declaration of the Rights of t-Ian and Citizen regarded as a revolutionary document?";;;;;;
"106";"IX";"SocialStudies";"FrRev";"STA";"What role did Louis XVI play in bringing about the revolution?";;;;;;
"107";"IX";"SocialStudies";"FrRev";"STA";"Give an estimate of Napoleon Bonaparte as the First Consul.";;;;;;
"108";"IX";"SocialStudies";"FrRev";"STA";"What was the impact of the French Revolution on the world? Or Describe the legacy of the French Revolution for the peoples of the world during the 19th and 20th centuries.";;;;;;
"109";"IX";"SocialStudies";"FrRev";"STA";"Which groups of French society benefited from the revolution? Which groups were forced to relinquish power? Which sections of society would have been disappointed with the outcome of the revolution?";;;;;;
"110";"IX";"SocialStudies";"FrRev";"STA";"Draw up a list of democratic rights we enjoy today whose origins could be traced to the French Revolution.";;;;;;
"111";"IX";"SocialStudies";"FrRev";"STA";"How was French society organized? What privileges did certain sections of society enjoy? Or What was the system of estates in French Society during the late eighteenth century?";;;;;;
"112";"IX";"SocialStudies";"FrRev";"STA";"What measures were taken by Robespierre's government?";;;;;;
"113";"IX";"SocialStudies";"FrRev";"STA";"What role did women play during the revolutionary years?";;;;;;
"114";"IX";"SocialStudies";"FrRev";"STA";"What laws were passed by the revolutionary government for the benefit of women?";;;;;;
"115";"IX";"SocialStudies";"FrRev";"STA";"How did the revolutionary governments translate the ideals of liberty and equality into everyday practice?";;;;;;
"116";"IX";"SocialStudies";"FrRev";"STA";"Why the period from 1793 to 1794 in France is referred to as the Reign of Terror?";;;;;;
"117";"IX";"SocialStudies";"FrRev";"LAT";"How did the teachings of Rousseau lay the foundations of democracy?";;;;;;
"118";"IX";"SocialStudies";"FrRev";"LAT";"List the accomplishments of the National Assembly of France from 1789 to 1791. J. What was the impact of the French Revolution on France?";;;;;;
"119";"IX";"SocialStudies";"FrRev";"LAT";"What was the impact of the French Revolution on France?";;;;;;
"120";"IX";"SocialStudies";"FrRev";"LAT";"Write short notes on: (a) French slave trade (b) Reign of Terror (c) Fall of Napoleon.";;;;;;
"121";"IX";"SocialStudies";"FrRev";"LAT";"Write down the causes of French revolution and the principles on which it is based. Or Explain various that led to the outbreak of French revolution.";;;;;;
"122";"IX";"SocialStudies";"FrRev";"LAT";"Explain the role of Napolean Bonaparte as an Emperor of France in 1804 and also explain important contribution of the French revolution to the world.";;;;;;
"123";"IX";"SocialStudies";"FrRev";"LAT";"Explain the impact of French Revolution on France in everyday life of the people.";;;;;;
"124";"IX";"SocialStudies";"FrRev";"LAT";"Explain the conditions of France before the French Revolution with special reference to women's status in the society.";;;;;;
"164";"IX";"SocialStudies";"PeopleasResource";"VSTA";"How does population become human capital? ";;;;;;
"165";"IX";"SocialStudies";"PeopleasResource";"VSTA";"What is the positive aspect of productive population? ";;;;;;
"166";"IX";"SocialStudies";"PeopleasResource";"VSTA";"Why is human resource superior to other resources like land and physical capital? ";;;;;;
"167";"IX";"SocialStudies";"PeopleasResource";"VSTA";"What is the role of education in the formation of human capital? ";;;;;;
"168";"IX";"SocialStudies";"PeopleasResource";"VSTA";"Define economic activity and give two examples.";;;;;;
"169";"IX";"SocialStudies";"PeopleasResource";"VSTA";"Define non-economic activity and give two examples.";;;;;;
"170";"IX";"SocialStudies";"PeopleasResource";"VSTA";"What does 'Sarva Siksha Abhiyan' aim at?";;;;;;
"171";"IX";"SocialStudies";"PeopleasResource";"VSTA";"Define unemployment.";;;;;;
"172";"IX";"SocialStudies";"PeopleasResource";"VSTA";"Which two types of unemployment are common in rural areas?";;;;;;
"173";"IX";"SocialStudies";"PeopleasResource";"VSTA";"In which sector should India increase maximum employment opportunities?";;;;;;
"174";"IX";"SocialStudies";"PeopleasResource";"VSTA";"How does investment in human resource lead to higher returns in future?";;;;;;
"175";"IX";"SocialStudies";"PeopleasResource";"VSTA";"How is human resource different from other resources like land and physical capital?";;;;;;
"176";"IX";"SocialStudies";"PeopleasResource";"VSTA";"What does quality of population depend upon?";;;;;;
"177";"IX";"SocialStudies";"PeopleasResource";"VSTA";"Why are women employed in low paid work?";;;;;;
"178";"IX";"SocialStudies";"PeopleasResource";"VSTA";"How does investment in education help in human capital formation?";;;;;;
"179";"IX";"SocialStudies";"PeopleasResource";"VSTA";"Suggest some measures in the education system to mitigate problems of educated unemployed in India.";;;;;;
"180";"IX";"SocialStudies";"PeopleasResource";"VSTA";"How have countries like Japan become rich and developed?";;;;;;
"181";"IX";"SocialStudies";"PeopleasResource";"VSTA";"Why is literacy rate higher among males in India?";;;;;;
"182";"IX";"SocialStudies";"PeopleasResource";"VSTA";"Explain briefly the National Health Policy, 2002 launched by the government to promote health services in India";;;;;;
"183";"IX";"SocialStudies";"PeopleasResource";"VSTA";"Explain one negative and one positive aspect of large population.";;;;;;
"184";"IX";"SocialStudies";"PeopleasResource";"VSTA";"Define Infant mortality rate.";;;;;;
"185";"IX";"SocialStudies";"PeopleasResource";"VSTA";"What is meant by Birth rate?";;;;;;
"186";"IX";"SocialStudies";"PeopleasResource";"VSTA";"What is meant by death rate?";;;;;;
"187";"IX";"SocialStudies";"PeopleasResource";"VSTA";"Define Census.";;;;;;
"188";"IX";"SocialStudies";"PeopleasResource";"VSTA";"Define Literacy rate.";;;;;;
"189";"IX";"SocialStudies";"PeopleasResource";"VSTA";"Explain 'Life expectancy'. What is meant by Sex-ratio? What is India's sex ratio according to 2001 census?";;;;;;
"190";"IX";"SocialStudies";"PeopleasResource";"STA";"Differentiate between economic and non-economic activities with help of examples.";;;;;;
"191";"IX";"SocialStudies";"PeopleasResource";"STA";"Differentiate between disguised unemployment and seasonal unemployment?";;;;;;
"192";"IX";"SocialStudies";"PeopleasResource";"STA";"Why is educated unemployment, a peculiar problem of India?";;;;;;
"193";"IX";"SocialStudies";"PeopleasResource";"STA";"What strategy has been adopted by the government in the Tenth Five Year Plan to improve the education sector?";;;;;;
"194";"IX";"SocialStudies";"PeopleasResource";"STA";"Is the increase in number of colleges adequate to admit the increasing number of students? Give reasons for your answer. The plan outlay on education has been increased.";;;;;;
"195";"IX";"SocialStudies";"PeopleasResource";"STA";"Which capital would you consider the best-land, labour, physical capital and human capital? Why?";;;;;;
"196";"IX";"SocialStudies";"PeopleasResource";"STA";"What steps have been taken to improve the quality of Education in India?";;;;;;
"197";"IX";"SocialStudies";"PeopleasResource";"STA";"Many children and women who are not working are not called unemployed. Why?";;;;;;
"198";"IX";"SocialStudies";"PeopleasResource";"STA";"What major changes indicate improvement of health in India?";;;;;;
"199";"IX";"SocialStudies";"PeopleasResource";"STA";"What facts indicate the growth of medical facilities in India?";;;;;;
"200";"IX";"SocialStudies";"PeopleasResource";"LAT";"What are the different types of economic acclivities? Explain with help of examples.";;;;;;
"201";"IX";"SocialStudies";"PeopleasResource";"LAT";"Discuss the growth of educational sector in India since 1951.";;;;;;
"202";"IX";"SocialStudies";"PeopleasResource";"LAT";"How does human capital formation affect the growth of an economy?";;;;;;
"203";"IX";"SocialStudies";"PeopleasResource";"LAT";"How does unemployment affect the overall grow1h of an economy?";;;;;;
"204";"IX";"SocialStudies";"PeopleasResource";"LAT";"Do you think any firm would be induced to employ people who might not work efficiently as a healthy worker because of ill-health?";;;;;;
"205";"IX";"SocialStudies";"PeopleasResource";"LAT";"Can you imagine some village which initially had no job opportunities but later came up with many";;;;;;
"206";"IX";"SocialStudies";"PeopleasResource";"SUB";"Do you think the increase in the number of doctor and nurses is adequate for India? Give reasons for your answer.";;;;;;
"207";"IX";"SocialStudies";"PeopleasResource";"SUB";"In which field do you think India can build the maximum employment opportunity?";;;;;;
"208";"IX";"SocialStudies";"PeopleasResource";"SUB";"What is your idea about the future college and universities?";;;;;;
"209";"IX";"SocialStudies";"PeopleasResource";"VSTA";"How does Population become human capital?";;;;;;
"210";"IX";"SocialStudies";"PeopleasResource";"VSTA";"What does 'People as a Resource' mean?";;;;;;
"211";"IX";"SocialStudies";"PeopleasResource";"VSTA";"What is 'human capital formation'?";;;;;;
"212";"IX";"SocialStudies";"PeopleasResource";"VSTA";"How can investment be made in human capital?";;;;;;
"213";"IX";"SocialStudies";"PeopleasResource";"VSTA";"How is human capital superior to other resources?";;;;;;
"214";"IX";"SocialStudies";"PeopleasResource";"VSTA";"How can a large population of India be turned as an asset rather than a liability?";;;;;;
"215";"IX";"SocialStudies";"PeopleasResource";"VSTA";"What kind of investment can be made on a child?";;;;;;
"216";"IX";"SocialStudies";"PeopleasResource";"VSTA";"How a vicious cycle is created by illiterate parents for their children?";;;;;;
"217";"IX";"SocialStudies";"PeopleasResource";"VSTA";"Why educated parents invest heavily on the education of their children?";;;;;;
"218";"IX";"SocialStudies";"PeopleasResource";"VSTA";"How have countries like Japan become rich and developed?";;;;;;
"219";"IX";"SocialStudies";"PeopleasResource";"VSTA";"Classify various activities on the basis of its economic benefit?";;;;;;
"220";"IX";"SocialStudies";"PeopleasResource";"VSTA";"What are Primary Activities?";;;;;;
"221";"IX";"SocialStudies";"PeopleasResource";"VSTA";"Which activities are included in Secondary sector?";;;;;;
"222";"IX";"SocialStudies";"PeopleasResource";"VSTA";"What are Tertiary Activities?";;;;;;
"223";"IX";"SocialStudies";"PeopleasResource";"VSTA";"What are economic activities?";;;;;;
"224";"IX";"SocialStudies";"PeopleasResource";"VSTA";"What are Market Activities?";;;;;;
"225";"IX";"SocialStudies";"PeopleasResource";"VSTA";"What are Non-Market Activities?";;;;;;
"226";"IX";"SocialStudies";"PeopleasResource";"VSTA";"How is division of labours made between men and women in the family";;;;;;
"227";"IX";"SocialStudies";"PeopleasResource";"VSTA";"Is women's work an economic activity?";;;;;;
"228";"IX";"SocialStudies";"PeopleasResource";"VSTA";"What are the major determinants of earnings?";;;;;;
"229";"IX";"SocialStudies";"PeopleasResource";"VSTA";"What are unorganised sectors?";;;;;;
"230";"IX";"SocialStudies";"PeopleasResource";"VSTA";"What kinds of jobs, attract women in organised sector?";;;;;;
"231";"IX";"SocialStudies";"PeopleasResource";"VSTA";"In which other sectors have women with high education and skill entered?";;;;;;
"232";"IX";"SocialStudies";"PeopleasResource";"VSTA";"On what factors the quality of population depends?";;;;;;
"233";"IX";"SocialStudies";"PeopleasResource";"VSTA";"How can population be a liability and how can it be made an asset?";;;;;;
"234";"IX";"SocialStudies";"PeopleasResource";"VSTA";"How does education play as an important input for human capital formation?";;;;;;
"235";"IX";"SocialStudies";"PeopleasResource";"VSTA";"What are the benefits of vocational education at school level?";;;;;;
"236";"IX";"SocialStudies";"PeopleasResource";"VSTA";"Has the literacy rates of population increased since 1951?";;;;;;
"237";"IX";"SocialStudies";"PeopleasResource";"VSTA";"Why literacy rate is high among the males of India?";;;;;;
"238";"IX";"SocialStudies";"PeopleasResource";"VSTA";"What do you know about ""Sarva Siksha Abhiyan""?";;;;;;
"239";"IX";"SocialStudies";"PeopleasResource";"VSTA";"What is the aim of Sarva Shiksha Abhiyan?";;;;;;
"240";"IX";"SocialStudies";"PeopleasResource";"VSTA";"Why was mid-day meal scheme launched by the government in the schools?";;;;;;
"241";"IX";"SocialStudies";"PeopleasResource";"VSTA";"What is the strategy of eleventh plan for education and literacy?";;;;;;
"242";"IX";"SocialStudies";"PeopleasResource";"VSTA";"What is the result of this eleventh plan?";;;;;;
"243";"IX";"SocialStudies";"PeopleasResource";"VSTA";"What is the benefit of good health?";;;;;;
"244";"IX";"SocialStudies";"PeopleasResource";"VSTA";"What is the national policy of India for health?";;;;;;
"245";"IX";"SocialStudies";"PeopleasResource";"VSTA";"What is the status of unemployment'?";;;;;;
"246";"IX";"SocialStudies";"PeopleasResource";"VSTA";"What kind of unemployments exists in rural and urban areas?";;;;;;
"247";"IX";"SocialStudies";"PeopleasResource";"VSTA";"When does seasonal unemployment take place?";;;;;;
"248";"IX";"SocialStudies";"PeopleasResource";"VSTA";"What happens in disguised unemployment?";;;;;;
"249";"IX";"SocialStudies";"PeopleasResource";"VSTA";"Who are educated unemployed?";;;;;;
"250";"IX";"SocialStudies";"PeopleasResource";"VSTA";"What is the result of unemployment in a country?";;;;;;
"251";"IX";"SocialStudies";"PeopleasResource";"VSTA";"How unemployment has detrimental impact on the overall growth of economy?";;;;;;
"252";"IX";"SocialStudies";"PeopleasResource";"VSTA";"Surplus labour in agriculture has moved to which jobs in secondary a tertiary sector?";;;;;;
"253";"IX";"SocialStudies";"PeopleasResource";"VSTA";"Which capital would you consider the best-land, labours, physical capital or human capital?";;;;;;
"254";"IX";"SocialStudies";"PeopleasResource";"STA";"What do you understand by 'people as resource'?";;;;;;
"255";"IX";"SocialStudies";"PeopleasResource";"STA";"How is human resource different from other resources like land and physical capital?";;;;;;
"256";"IX";"SocialStudies";"PeopleasResource";"STA";"What is the role of education in human capital formation?";;;;;;
"257";"IX";"SocialStudies";"PeopleasResource";"STA";"What is the role of health in human capital formation?";;;;;;
"258";"IX";"SocialStudies";"PeopleasResource";"STA";"Is it true that educated parents invest more heavily on their children's education and why?";;;;;;
"259";"IX";"SocialStudies";"PeopleasResource";"STA";"How did countries like Japan become rich?";;;;;;
"260";"IX";"SocialStudies";"PeopleasResource";"STA";"What is the role of health in the working life of an individual?";;;;;;
"261";"IX";"SocialStudies";"PeopleasResource";"STA";"Classify various activities into primary, secondary and tertiary sectors.";;;;;;
"262";"IX";"SocialStudies";"PeopleasResource";"STA";"What are the differences between Market and Non-market activities?";;;;;;
"263";"IX";"SocialStudies";"PeopleasResource";"STA";"Why are most women employed in low-paid work?";;;;;;
"264";"IX";"SocialStudies";"PeopleasResource";"STA";"How do educated women earn at par with their male counterparts?";;;;;;
"265";"IX";"SocialStudies";"PeopleasResource";"STA";"On what factors does the quality of population depend on?";;;;;;
"266";"IX";"SocialStudies";"PeopleasResource";"STA";"What is India's national policy for health?";;;;;;
"267";"IX";"SocialStudies";"PeopleasResource";"STA";"Explain the term 'unemployment' in the context of India.";;;;;;
"268";"IX";"SocialStudies";"PeopleasResource";"STA";"Why is educated unemployment a peculiar problem in India?";;;;;;
"269";"IX";"SocialStudies";"PeopleasResource";"STA";"Why are people of a country referred as resource?";;;;;;
"270";"IX";"SocialStudies";"PeopleasResource";"STA";"How does investment in human capital yield a return just like investaeriin physical capital?";;;;;;
"271";"IX";"SocialStudies";"PeopleasResource";"STA";"Is large population considered a liability rather than an asset?";;;;;;
"272";"IX";"SocialStudies";"PeopleasResource";"STA";"What is the present employment scenario in the three sectors?";;;;;;
"273";"IX";"SocialStudies";"PeopleasResource";"LAT";"What do you know about Sarva Shiksha Abhiyan?";;;;;;
"274";"IX";"SocialStudies";"PeopleasResource";"LAT";"How does seasonal unemployment occur?";;;;;;
"275";"IX";"SocialStudies";"PeopleasResource";"LAT";"Do you think that people appear employed in disguise unemployment?";;;;;;
"276";"IX";"SocialStudies";"PeopleasResource";"LAT";"What is the impact of unemployment?";;;;;;
"277";"IX";"SocialStudies";"PeopleasResource";"LAT";"What is the role of education in human capital formation?";;;;;;
"278";"IX";"SocialStudies";"PeopleasResource";"LAT";"Why are women employed in low-paid work?";;;;;;
"279";"IX";"SocialStudies";"PeopleasResource";"LAT";"What was the Tenth Plan endeavour to increase the enrolment in higher education?";;;;;;
"280";"IX";"SocialStudies";"PeopleasResource";"LAT";"What does unemployment mean? What types of unemployment do we have in rural areas?";;;;;;
"281";"IX";"SocialStudies";"PeopleasResource";"LAT";"What kind of unemployment exists in urban areas?";;;;;;
"282";"IX";"SocialStudies";"PeopleasResource";"LAT";"How can you prove statistically that the unemployment rate is low in India?";;;;;;
"283";"IX";"SocialStudies";"PeopleasResource";"LAT";"""The employment structure is characterised by self-employment in primary sector."" Explain.";;;;;;
"284";"IX";"SocialStudies";"PeopleasResource";"LAT";"Can you suggest some measures in the education system to mitigate the problem of the educated unemployed?";;;;;;
"285";"IX";"SocialStudies";"PeopleasResource";"LAT";"Describe the policy of government in the field of education.";;;;;;
"292";"IX";"SocialStudies";"PeopleasResource";"CBSE";"For better economic growth, which investments in human resources should be done, either in modern technology, in healthcare and education, in food and drink or in transportation?";;;;;;
"293";"IX";"SocialStudies";"PeopleasResource";"CBSE";"Construction is an activity of which sector?";;;;;;
"294";"IX";"SocialStudies";"PeopleasResource";"CBSE";"Sprinkling crops with insecticide is an activity of which sector?";;;;;;
"295";"IX";"SocialStudies";"PeopleasResource";"CBSE";"Navodaya Vidyalayas have been started for which kind of school children?";;;;;;
"296";"IX";"SocialStudies";"PeopleasResource";"CBSE";"Sarva Shiksha Abhiyan is meant to provide what kind of education?";;;;;;
"297";"IX";"SocialStudies";"PeopleasResource";"CBSE";"What is the age group of population which is treated as the workforce?";;;;;;
"298";"IX";"SocialStudies";"PeopleasResource";"CBSE";"Unemployment wastes what resources?";;;;;;
"299";"IX";"SocialStudies";"PeopleasResource";"CBSE";"In which category of activity will you place a social worker educating poor children for free?";;;;;;
"300";"IX";"SocialStudies";"PeopleasResource";"CBSE";"Why do educated parents invest more in their children's education and health?";;;;;;
"301";"IX";"SocialStudies";"PeopleasResource";"CBSE";"Is it correct that disguised unemployment is very common in urban areas?";;;;;;
"302";"IX";"SocialStudies";"PeopleasResource";"CBSE";"Why are rural women employed at very low wages?";;;;;;
"303";"IX";"SocialStudies";"PeopleasResource";"CBSE";"When we refer to a woman as a 'resource', we are referring to which of her skills?";;;;;;
"304";"IX";"SocialStudies";"PeopleasResource";"CBSE";"Begging is which category of activity?";;;;;;
"305";"IX";"SocialStudies";"PeopleasResource";"CBSE";"In which area of India is the literacy rate the lowest?";;;;;;
"306";"IX";"SocialStudies";"PeopleasResource";"CBSE";"Which sector of the Indian economy absorbs the maximum labour?";;;;;;
"307";"IX";"SocialStudies";"PeopleasResource";"CBSE";"Can finished goods produced by an industry be treated as fixed capital?";;;;;;
"308";"IX";"SocialStudies";"PeopleasResource";"CBSE";"How will you define the life expectancy of a new born baby?";;;;;;
"309";"IX";"SocialStudies";"PeopleasResource";"CBSE";"What is the major reason for education having an important role in human capital formation?";;;;;;
"310";"IX";"SocialStudies";"PeopleasResource";"CBSE";"Is it true that the literacy rate of a population is the population multiplied by 100 divided by the number of literate people?";;;;;;
"311";"IX";"SocialStudies";"PeopleasResource";"CBSE";"Is drinking tea from a tea stall in the market a non-economic activity?";;;;;;
"312";"IX";"SocialStudies";"PeopleasResource";"CBSE";"Which person out of a farm labourer, a construction worker and a miner is having seasonal employment?";;;;;;
"313";"IX";"SocialStudies";"PeopleasResource";"CBSE";"What is the meaning of vocational education?";;;;;;
"314";"IX";"SocialStudies";"PeopleasResource";"CBSE";"What do you understand by the term 'human resource'?";;;;;;
"315";"IX";"SocialStudies";"PeopleasResource";"CBSE";"What is human capital?";;;;;;
"316";"IX";"SocialStudies";"PeopleasResource";"CBSE";"A person is making envelops with the help of papers. In which sector should his activity be included?";;;;;;
"317";"IX";"SocialStudies";"PeopleasResource";"CBSE";"Which state in India has highest literacy rate?";;;;;;
"318";"IX";"SocialStudies";"PeopleasResource";"CBSE";"What do you understand by the term ""Sarva Shiksha Abhiyan""?";;;;;;
"319";"IX";"SocialStudies";"PeopleasResource";"CBSE";"What is the name of the school set in each district by the government for talented students of rural area?";;;;;;
"320";"IX";"SocialStudies";"PeopleasResource";"CBSE";"Which is the most labour absorbing sector of economy?";;;;;;
"321";"IX";"SocialStudies";"PeopleasResource";"CBSE";"Name the two type of unemployment exist in rural India.";;;;;;
"322";"IX";"SocialStudies";"PeopleasResource";"CBSE";"Name the phenomenon of shifting of labourers from rural area to urban area in search of work.";;;;;;
"323";"IX";"SocialStudies";"PeopleasResource";"CBSE";"What is the full form of GNP?";;;;;;
"324";"IX";"SocialStudies";"PeopleasResource";"CBSE";"What is the current literacy rate of India according to Census of 2011 ? ";;;;;;
"325";"IX";"SocialStudies";"PeopleasResource";"CBSE";"Why is human capital the most important factor of production? Give three reasons.";;;;;;
"326";"IX";"SocialStudies";"PeopleasResource";"CBSE";"What are various activities which are classified into the three main sectors? Name each sector with suitable examples.";;;;;;
"327";"IX";"SocialStudies";"PeopleasResource";"CBSE";"What is the difference between economic activities and non-economic activities?";;;;;;
"328";"IX";"SocialStudies";"PeopleasResource";"CBSE";"What role does education play towards growth of society?";;;;;;
"329";"IX";"SocialStudies";"PeopleasResource";"CBSE";"Why does unemployment have a detrimental effect on the overall growth of an economy?";;;;;;
"330";"IX";"SocialStudies";"PeopleasResource";"CBSE";"Explain why Infant Mortality Rate (IMR) and literacy rate are considered to be indicators of human resource development.";;;;;;
"331";"IX";"SocialStudies";"PeopleasResource";"CBSE";"Do you notice any difference between the two friends Vilas and Sakal? What are those?";;;;;;
"332";"IX";"SocialStudies";"PeopleasResource";"CBSE";"Visit a nearby village or a slum area and write down a case study of a boy or girl of your age facing the same condition as Vilas or Sakal.";;;;;;
"333";"IX";"SocialStudies";"PeopleasResource";"CBSE";"Based on the picture can you classify these activities into three sectors??";;;;;;
"334";"IX";"SocialStudies";"PeopleasResource";"CBSE";"Say whether these activities are economic or non-economic activities. Vilas sells fish in the village market. (b) Vilas cooks food for his family. (c) Sakal works in the private firm. (d) Sakal looks after his younger brother and sister.";;;;;;
"335";"IX";"SocialStudies";"PeopleasResource";"CBSE";"What is the role of health in human capital formation?";;;;;;
"336";"IX";"SocialStudies";"PeopleasResource";"CBSE";"In which field do you think India can build the maximum employment opportunity?";;;;;;
"337";"IX";"SocialStudies";"PeopleasResource";"CBSE";"Can you suggest some measures in the education system to mitigate the problem of the educated-unemployed?";;;;;;
"338";"IX";"SocialStudies";"PeopleasResource";"CBSE";"Can you imagine some village which initially had no job opportunities but later came up with many?";;;;;;
"339";"IX";"SocialStudies";"PeopleasResource";"CBSE";"Which capital would you consider the best - land, labour, physical capital and human capital? Why?";;;;;;
"340";"IX";"SocialStudies";"PeopleasResource";"CBSE";"Why is human resource considered to be the best resource ? Explain. Or Why is human resource superior to any other resource? Explain with the help of three arguments.";;;;;;
"341";"IX";"SocialStudies";"PeopleasResource";"CBSE";"Why do educated parents invest more heavily on their children's education? Give three reasons.";;;;;;
"342";"IX";"SocialStudies";"PeopleasResource";"CBSE";"What is meant by 'People as Resource'? Explain how is human resource different from other resources like land and physical capitals?";;;;;;
"343";"IX";"SocialStudies";"PeopleasResource";"CBSE";"What is meant by economic activities and how are these classified? Give one example of each. Or Distinguish between market and non-market activities with three points of distinction, Or What are the two type of economic activity? State two characteristics of each.";;;;;;
"344";"IX";"SocialStudies";"PeopleasResource";"CBSE";"Describe any three steps taken by government in the field of education.";;;;;;
"345";"IX";"SocialStudies";"PeopleasResource";"CBSE";"Mention any three features of National health policy.";;;;;;
"346";"IX";"SocialStudies";"PeopleasResource";"CBSE";"On what factors do the quality of population depend? How does the education enhances the quality of population? Explain. Or Analyse the role of education in the formations of human capital. Or How can education contribute toward the growth of society? Explain in three points.";;;;;;
"347";"IX";"SocialStudies";"PeopleasResource";"CBSE";"Explain in three points the role of health in human capital formation. Or Why has the improvement in health status of population has been the basic priority of a country? Given three reasons. Or ""Health is the priority of the country"". Justify the statement giving five arguments.";;;;;;
"348";"IX";"SocialStudies";"PeopleasResource";"CBSE";"Explain any three demerits of unemployment. Or ""Unemployment leads to a depressed economy"". Justify the statement with five arguments. Or ""Increase in unemployment is an indicator of a depressed economy"". Do you agree with this statement. Support your answer by giving arguments. ?";;;;;;
"349";"IX";"SocialStudies";"PeopleasResource";"CBSE";"the four requirements for the production of goods and services. What are the items that come under physical capital ?";;;;;;
"350";"IX";"SocialStudies";"PeopleasResource";"CBSE";"What are the two types of unemployment found in rural areas? How does unemployment affect the overall growth of an economy? Explain by giving four points.";;;;;;
"351";"IX";"SocialStudies";"PeopleasResource";"CBSE";"Why are women employed in low paid work?";;;;;;
"352";"IX";"SocialStudies";"PeopleasResource";"CBSE";"Why is educated unemployment, a peculiar problem of India ?";;;;;;
"353";"IX";"SocialStudies";"PeopleasResource";"CBSE";"What are the objectives of India's national policy on health? Suggest two ways in which the policy objectives can be met.";;;;;;
"354";"IX";"SocialStudies";"PeopleasResource";"CBSE";"What is the mid-day meal scheme? Explain its purpose.";;;;;;
"355";"IX";"SocialStudies";"PeopleasResource";"CBSE";"Study the graph and answer the following questions.??(a) Has the literacy rates of the population increased since 1951 ? (b) In which year, India has the highest literacy rates? (c) Why literacy rate is high among the males of India? (d) Why are women less educated than men? (e) How would you calculate literacy rate in India?  8. Table: Health Infrastructure over the years(SC : Sub Centre PHC: Primary Health Centre CHC: Community Health Centre Study the above table and answer the following questions. What is the percentage increase in dispensaries from 1951 to 2001 ? (b) What is the percentage increase in doctors and nursing personnel from 1951 to 2001? (c) Do you think the increase in the number of doctors and nurses is adequate for India? If not, why? (d) What other facilities would you like to provide in a hospital? (e) Discuss about the hospital you have visited.)";;;;;;
"356";"IX";"SocialStudies";"PeopleasResource";"CBSE";"What is the difference between disguised unemployment and seasonal unemployment?";;;;;;
"357";"IX";"SocialStudies";"PeopleasResource";"CBSE";"""Sakal was meritorious and interested in studies from the beginning.... .After sometime he got a job in a private firm..... His boss acknowledged his services and rewarded him with a promotion."" ""Vilas's father Mahesh was a fisherman, who passed away when he was only two years old. His mother Geeta sold fish to earn money to feed the family. She could earn only Rs. 20 to 30 a day by selling fish. Vilas......was not interested in studies. He helped his mother in cooking and also looked after his younger brother Mohan. After his mother died, Vilas, too, was forced to sell fish in the same village. He, like his mother, earned only a meagre income."" Sakal and Vilas are friends. What has Vilas not got which Sakal had? Is it possible for Vilas to improve his financial position now? If so how? Explain in about 120 words.";;;;;;
"358";"IX";"SocialStudies";"PeopleasResource";"CBSE";"""The health of a person helps him to realize his potential and the ability to fight illness. An unhealthy person becomes a liability for an organisation ....."". Many private companies and the government have elaborate healthcare benefits including group insurance for their permanent employees. However, no such schemes are made available to the temporary or contractual employees. Do you think that this practice by government and private companies is justified? If so, why ? If not, how can this matter be rectified without loss to the government/private company or to the temporary/ contractual employee?";;;;;;
"359";"IX";"SocialStudies";"PeopleasResource";"CBSE";"How can large population be turned in a productive asset? Explain. Or Explain the importance of people as a resource. Or What is meant by people as a resource? Explain.";;;;;;
"360";"IX";"SocialStudies";"PeopleasResource";"CBSE";"""Human resources is an indispensable factor of production"". Justify.";;;;;;
"361";"IX";"SocialStudies";"PeopleasResource";"CBSE";"How are children of educated parents different from those of uneducated parents? Give three points of difference.";;;;;;
"362";"IX";"SocialStudies";"PeopleasResource";"CBSE";"Why did Japan emerge as a developed country in spite of its poor natural resources? Why is Japan a developed and rich country in spite of lacking in natural resources? Or Despite insufficient availability of natural resources, Japan has emerged as a rich and developed nation. Justify the statement with three significant factors responsible for making Japan rich.";;;;;;
"363";"IX";"SocialStudies";"PeopleasResource";"CBSE";"List three non-economic activities.";;;;;;
"364";"IX";"SocialStudies";"PeopleasResource";"CBSE";"The quality of a population depends on which factors?";;;;;;
"365";"IX";"SocialStudies";"PeopleasResource";"CBSE";"What was the purpose of Sarva Shiksha Abhiyan? What are its goals?";;;;;;
"366";"IX";"SocialStudies";"PeopleasResource";"CBSE";"What do you mean by people as resource?";;;;;;
"367";"IX";"SocialStudies";"PeopleasResource";"CBSE";"Distinguish between physical and human capital.";;;;;;
"368";"IX";"SocialStudies";"PeopleasResource";"CBSE";"What do you understand by 'people as a resource'?";;;;;;
"369";"IX";"SocialStudies";"PeopleasResource";"CBSE";"How is human resource different from other resources like land and physical capital?";;;;;;
"370";"IX";"SocialStudies";"PeopleasResource";"CBSE";"What is the role of education in human capital formation?";;;;;;
"371";"IX";"SocialStudies";"PeopleasResource";"CBSE";"What part does health play in the individual's working life?";;;;;;
"372";"IX";"SocialStudies";"PeopleasResource";"CBSE";"What are the various activities undertaken in the Primary sector, Secondary sector and Tertiary sector?";;;;;;
"373";"IX";"SocialStudies";"PeopleasResource";"CBSE";"How will you explain the term unemployment?";;;;;;
"374";"IX";"SocialStudies";"PeopleasResource";"CBSE";"How does Population become human capital?";;;;;;
"375";"IX";"SocialStudies";"PeopleasResource";"CBSE";"What does 'People as a Resource' mean?";;;;;;
"376";"IX";"SocialStudies";"PeopleasResource";"CBSE";"What is 'human capital formation'?";;;;;;
"377";"IX";"SocialStudies";"PeopleasResource";"CBSE";"How can investment be made in human capital?";;;;;;
"378";"IX";"SocialStudies";"PeopleasResource";"CBSE";"How is human capital superior to other resources?";;;;;;
"379";"IX";"SocialStudies";"PeopleasResource";"CBSE";"How can a large population of India be turned as an asset rather than a liability?";;;;;;
"380";"IX";"SocialStudies";"PeopleasResource";"CBSE";"What kind of investment can be made on a child?";;;;;;
"381";"IX";"SocialStudies";"PeopleasResource";"CBSE";"How a vicious cycle is created by illiterate parents for their children?";;;;;;
"382";"IX";"SocialStudies";"PeopleasResource";"CBSE";"Why educated parents invest heavily on the education of their children?";;;;;;
"383";"IX";"SocialStudies";"PeopleasResource";"CBSE";"How have countries like Japan become rich and developed?";;;;;;
"384";"IX";"SocialStudies";"PeopleasResource";"CBSE";"Classify various activities on the basis of its economic benefit?";;;;;;
"385";"IX";"SocialStudies";"PeopleasResource";"CBSE";"What are Primary Activities?";;;;;;
"386";"IX";"SocialStudies";"PeopleasResource";"CBSE";"Which activities are included in Secondary sector?";;;;;;
"387";"IX";"SocialStudies";"PeopleasResource";"CBSE";"What are Tertiary Activities?";;;;;;
"388";"IX";"SocialStudies";"PeopleasResource";"CBSE";"What are economic activities?";;;;;;
"389";"IX";"SocialStudies";"PeopleasResource";"CBSE";"What are Market Activities?";;;;;;
"390";"IX";"SocialStudies";"PeopleasResource";"CBSE";"What are Non-Market Activities?";;;;;;
"391";"IX";"SocialStudies";"PeopleasResource";"CBSE";"How is division of labours made between men and women in the family?";;;;;;
"392";"IX";"SocialStudies";"PeopleasResource";"CBSE";"Is women's work an economic activity?";;;;;;
"393";"IX";"SocialStudies";"PeopleasResource";"CBSE";"What are the major determinants of earnings?";;;;;;
"394";"IX";"SocialStudies";"PeopleasResource";"CBSE";"What are unorganised sectors?";;;;;;
"395";"IX";"SocialStudies";"PeopleasResource";"CBSE";"What kinds of jobs, attract women in organised sector?";;;;;;
"396";"IX";"SocialStudies";"PeopleasResource";"CBSE";"In which other sectors have women with high education and skill entered?";;;;;;
"397";"IX";"SocialStudies";"PeopleasResource";"CBSE";"On what factors the quality of population depends?";;;;;;
"398";"IX";"SocialStudies";"PeopleasResource";"CBSE";"How can population be a liability and how can it be made an asset?";;;;;;
"399";"IX";"SocialStudies";"PeopleasResource";"CBSE";"How does education play as an important input for human capital formation?";;;;;;
"400";"IX";"SocialStudies";"PeopleasResource";"CBSE";"What are the benefits of vocational education at school level?";;;;;;
"401";"IX";"SocialStudies";"PeopleasResource";"CBSE";"Has the literacy rates of population increased since 1951?";;;;;;
"402";"IX";"SocialStudies";"PeopleasResource";"CBSE";"Why literacy rate is high among the males of India?";;;;;;
"403";"IX";"SocialStudies";"PeopleasResource";"CBSE";"What do you know about ""Sarva Siksha Abhiyan""?";;;;;;
"404";"IX";"SocialStudies";"PeopleasResource";"CBSE";"What is the aim of Sarva Shiksha Abhiyan?";;;;;;
"405";"IX";"SocialStudies";"PeopleasResource";"CBSE";"Why was mid-day meal scheme launched by the government in the schools?";;;;;;
"406";"IX";"SocialStudies";"PeopleasResource";"CBSE";"What is the strategy of eleventh plan for education and literacy?";;;;;;
"407";"IX";"SocialStudies";"PeopleasResource";"CBSE";"What is the result of this eleventh plan?";;;;;;
"408";"IX";"SocialStudies";"PeopleasResource";"CBSE";"What is the benefit of good health?";;;;;;
"409";"IX";"SocialStudies";"PeopleasResource";"CBSE";"What is the national policy of India for health?";;;;;;
"410";"IX";"SocialStudies";"PeopleasResource";"CBSE";"What is the status of 'unemployment'?";;;;;;
"411";"IX";"SocialStudies";"PeopleasResource";"CBSE";"What kind of unemployments exists in rural and urban areas?";;;;;;
"412";"IX";"SocialStudies";"PeopleasResource";"CBSE";"When does seasonal unemployment take place?";;;;;;
"413";"IX";"SocialStudies";"PeopleasResource";"CBSE";"What happens in disguised unemployment?";;;;;;
"414";"IX";"SocialStudies";"PeopleasResource";"CBSE";"Who are educated unemployed?";;;;;;
"415";"IX";"SocialStudies";"PeopleasResource";"CBSE";"What is the result of unemployment in a country?";;;;;;
"416";"IX";"SocialStudies";"PeopleasResource";"CBSE";"How unemployment has detrimental impact on the overall growth of an economy?";;;;;;
"417";"IX";"SocialStudies";"PeopleasResource";"CBSE";"Surplus labour in agriculture has moved to which jobs in secondary and tertiary sector?";;;;;;
"418";"IX";"SocialStudies";"PeopleasResource";"CBSE";"Which capital would you consider the best-land, labours, physical capital or human capital? ?";;;;;;
"419";"IX";"SocialStudies";"PeopleasResource";"CBSE";"What do you understand by 'people as resource'?";;;;;;
"420";"IX";"SocialStudies";"PeopleasResource";"CBSE";"How is human resource different from other resources like land and physical capital?";;;;;;
"421";"IX";"SocialStudies";"PeopleasResource";"CBSE";"What is the role of education in human capital formation?";;;;;;
"422";"IX";"SocialStudies";"PeopleasResource";"CBSE";"What is the role of health in human capital formation?";;;;;;
"423";"IX";"SocialStudies";"PeopleasResource";"CBSE";"Is it true that educated parents invest more heavily on their children's education and why?";;;;;;
"424";"IX";"SocialStudies";"PeopleasResource";"CBSE";"How did countries like Japan become rich?";;;;;;
"425";"IX";"SocialStudies";"PeopleasResource";"CBSE";"What is the role of health in the working life of an individual?";;;;;;
"426";"IX";"SocialStudies";"PeopleasResource";"CBSE";"Classify various activities into primary, secondary and tertiary sectors.";;;;;;
"427";"IX";"SocialStudies";"PeopleasResource";"CBSE";"What are the differences between Market and Non-market activities?";;;;;;
"428";"IX";"SocialStudies";"PeopleasResource";"CBSE";"How do educated women earn at par with their male counterparts?";;;;;;
"429";"IX";"SocialStudies";"PeopleasResource";"CBSE";"On what factors does the quality of population depend on?";;;;;;
"430";"IX";"SocialStudies";"PeopleasResource";"CBSE";"What is India's national policy for health?";;;;;;
"431";"IX";"SocialStudies";"PeopleasResource";"CBSE";"Explain the term 'unemployment' in the context of India.";;;;;;
"432";"IX";"SocialStudies";"PeopleasResource";"CBSE";"Why is educated unemployment a peculiar problem in India?";;;;;;
"433";"IX";"SocialStudies";"PeopleasResource";"CBSE";"Why are people of a country referred as resource?";;;;;;
"434";"IX";"SocialStudies";"PeopleasResource";"CBSE";"How does investment in human capital yield a return just like investment in physical capital?";;;;;;
"435";"IX";"SocialStudies";"PeopleasResource";"CBSE";"Is large population considered a liability rather than an asset?";;;;;;
"436";"IX";"SocialStudies";"PeopleasResource";"CBSE";"What is the present employment scenario in the three sectors? ";;;;;;
"437";"IX";"SocialStudies";"PeopleasResource";"CBSE";"What do you know about 'Sarva Shiksha Abhiyan'?";;;;;;
"438";"IX";"SocialStudies";"PeopleasResource";"CBSE";"How does seasonal unemployment occur?";;;;;;
"439";"IX";"SocialStudies";"PeopleasResource";"CBSE";"Do you think that people appear employed in disguised unemployment?";;;;;;
"440";"IX";"SocialStudies";"PeopleasResource";"CBSE";"What is the impact of unemployment?";;;;;;
"441";"IX";"SocialStudies";"PeopleasResource";"CBSE";"What is the role of education in human capital formation?";;;;;;
"442";"IX";"SocialStudies";"PeopleasResource";"CBSE";"Why are women employed in low-paid work?";;;;;;
"443";"IX";"SocialStudies";"PeopleasResource";"CBSE";"What was the Tenth Plan endeavour to increase the enrolment in higher education?";;;;;;
"444";"IX";"SocialStudies";"PeopleasResource";"CBSE";"What does unemployment mean? What types of unemployment do we have in rural areas?";;;;;;
"445";"IX";"SocialStudies";"PeopleasResource";"CBSE";"What kind of unemployment exists in urban areas?";;;;;;
"446";"IX";"SocialStudies";"PeopleasResource";"CBSE";"How can you prove statistically that the unemployment rate is low in India?";;;;;;
"447";"IX";"SocialStudies";"PeopleasResource";"CBSE";"""The employment structure is characterised by self-employment in primary sector."" Explain";;;;;;
"448";"IX";"SocialStudies";"PeopleasResource";"CBSE";"Can you suggest some measures in the education system to mitigate the problem of the educated unemployed?";;;;;;
"449";"IX";"SocialStudies";"PeopleasResource";"CBSE";"Describe the policy of government in the field of education. ";;;;;;
"450";"IX";"SocialStudies";"PeopleasResource";"CBSE";"The full form of GNP is: (a) Gross National Product (b) Green Nation People (c) Green National Project (d) Gross National Performance";;;;;;
"451";"IX";"SocialStudies";"PeopleasResource";"CBSE";"Quarrying and manufacturing is included in the: (a) Primary sector (b) Secondary sector (c) Tertiary sector (d) Government sector";;;;;;
"452";"IX";"SocialStudies";"PeopleasResource";"CBSE";"An activity performed for profit or for services provided can be termed as: (a) Market activity (b) Professional activity (c) Non-market activity (d) Formal activity";;;;;;
"453";"IX";"SocialStudies";"PeopleasResource";"CBSE";"'Sarva Shiksha Abhiyan' is a significant step towards providing education to all children in the age group: (a) 6-14 years (b) 5-10 years (c) 5-14 years (d) 10-15 years";;;;;;
"454";"IX";"SocialStudies";"PeopleasResource";"CBSE";"When people appear to be employed, this kind of unemployment is called: (a) Seasonal unemployment (b) Educated unemployment (c) Disguised unemployment (d) All of the above";;;;;;
"455";"IX";"SocialStudies";"PeopleasResource";"CBSE";"Which one of these is the most labour absorbing sector of the economy? (a) Industries (b) Agriculture (c) Transportation (d) Service ? ";;;;;;
"456";"IX";"SocialStudies";"PeopleasResource";"CBSE";"What does 'human capital' stand for?";;;;;;
"457";"IX";"SocialStudies";"PeopleasResource";"CBSE";"How is human resource different from other resources like land and physical capital?";;;;;;
"458";"IX";"SocialStudies";"PeopleasResource";"CBSE";"What is the role of education in human capital formation?";;;;;;
"459";"IX";"SocialStudies";"PeopleasResource";"CBSE";"Why women are paid less when they are illiterate and not skilled in comparison to educated and skilled ones?";;;;;;
"460";"IX";"SocialStudies";"PeopleasResource";"CBSE";"What does quality of population imply?";;;;;;
"461";"IX";"SocialStudies";"PeopleasResource";"CBSE";"'Health is wealth', is it true? Describe the role played by health in the individual's working life. ?";;;;;;
